timestamp,agent.name,rule.description,rule.level,rule.id
"Jun 15, 2025 @ 15:44:40.598","vic-agent","Lsass process was accessed by C:\\Windows\\system32\\svchost.exe with read permissions, possible credential dump","12","92900"
"Jun 15, 2025 @ 15:44:40.583","vic-agent","Lsass process was accessed by C:\\Windows\\system32\\svchost.exe with read permissions, possible credential dump","12","92900"
"Jun 15, 2025 @ 15:44:40.384","vic-agent","Windows User Logoff","3","60137"
"Jun 15, 2025 @ 15:44:40.338","vic-agent","ðŸš¨ Possible Lateral Movement via RDP - Brute force followed by successful login","14","100403"
"Jun 15, 2025 @ 15:44:40.310","vic-agent","Special privileges assigned to new logon.","3","67028"
"Jun 15, 2025 @ 15:44:40.282","vic-agent","Special privileges assigned to new logon.","3","67028"
"Jun 15, 2025 @ 15:44:40.219","vic-agent","ðŸš¨ Possible RDP Brute Force - Multiple logon failures detected","12","100402"
"Jun 15, 2025 @ 15:44:40.176","vic-agent","Windows audit failure event","5","60104"
"Jun 15, 2025 @ 15:44:39.494","vic-agent","Windows application error event.","9","60602"
"Jun 15, 2025 @ 15:44:39.207","vic-agent","ðŸš¨ Possible RDP Brute Force - Multiple logon failures detected","12","100402"
"Jun 15, 2025 @ 15:44:39.183","vic-agent","Windows audit failure event","5","60104"
"Jun 15, 2025 @ 15:44:39.158","vic-agent","ðŸš¨ Possible RDP Brute Force - Multiple logon failures detected","12","100402"
"Jun 15, 2025 @ 15:44:39.156","vic-agent","Windows audit failure event","5","60104"
"Jun 15, 2025 @ 15:44:39.154","vic-agent","RDP Logon Failure Detected (Event ID 4625)","5","100401"
"Jun 15, 2025 @ 15:44:39.110","vic-agent","Windows audit failure event","5","60104"
"Jun 15, 2025 @ 15:44:32.290","vic-agent","Powershell process created an executable file in Windows root folder","9","92205"
"Jun 15, 2025 @ 15:44:29.898","vic-agent","Windows Logon Success","3","60106"
"Jun 15, 2025 @ 15:44:28.206","vic-agent","Wazuh agent started.","3","503"
"Jun 15, 2025 @ 15:43:33.523","vic-agent","Windows System error event","5","61102"
"Jun 15, 2025 @ 15:41:05.401","vic-agent","Service startup type was changed","3","61104"
"Jun 15, 2025 @ 15:40:15.672","vic-agent","Lsass process was accessed by C:\\Windows\\system32\\svchost.exe with read permissions, possible credential dump","12","92900"
"Jun 15, 2025 @ 15:40:15.625","vic-agent","Lsass process was accessed by C:\\Windows\\system32\\svchost.exe with read permissions, possible credential dump","12","92900"
"Jun 15, 2025 @ 15:40:15.435","vic-agent","Windows User Logoff","3","60137"
"Jun 15, 2025 @ 15:40:15.387","vic-agent","Successful Remote Logon Detected - User:\windows - NTLM authentication, possible pass-the-hash attack - Possible RDP connection. Verify that kali is allowed to perform RDP connections","6","92657"
"Jun 15, 2025 @ 15:40:15.367","vic-agent","Special privileges assigned to new logon.","3","67028"
"Jun 15, 2025 @ 15:40:15.333","vic-agent","Special privileges assigned to new logon.","3","67028"
"Jun 15, 2025 @ 15:40:15.313","vic-agent","RDP Logon Failure Detected (Event ID 4625)","5","100401"
"Jun 15, 2025 @ 15:40:15.267","vic-agent","Windows audit failure event","5","60104"
"Jun 15, 2025 @ 15:40:14.728","vic-agent","Windows application error event.","9","60602"
"Jun 15, 2025 @ 15:40:14.378","vic-agent","RDP Logon Failure Detected (Event ID 4625)","5","100401"
"Jun 15, 2025 @ 15:40:14.357","vic-agent","Windows audit failure event","5","60104"
"Jun 15, 2025 @ 15:40:14.328","vic-agent","RDP Logon Failure Detected (Event ID 4625)","5","100401"
"Jun 15, 2025 @ 15:40:14.259","vic-agent","Windows audit failure event","5","60104"
"Jun 15, 2025 @ 15:40:14.242","vic-agent","RDP Logon Failure Detected (Event ID 4625)","5","100401"
"Jun 15, 2025 @ 15:40:14.196","vic-agent","Windows audit failure event","5","60104"
"Jun 15, 2025 @ 15:40:04.286","vic-agent","Powershell process created an executable file in Windows root folder","9","92205"
"Jun 15, 2025 @ 15:40:01.725","vic-agent","Windows Logon Success","3","60106"
"Jun 15, 2025 @ 15:40:00.913","vic-agent","Wazuh agent started.","3","503"
"Jun 15, 2025 @ 15:37:38.719","vic-agent","Summary event of the report's signatures.","4","60608"
"Jun 15, 2025 @ 15:37:38.270","vic-agent","Windows System error event","5","61102"
"Jun 15, 2025 @ 15:37:35.260","vic-agent","Windows Logon Success","3","60106"
"Jun 15, 2025 @ 15:37:30.116","vic-agent","Windows User Logoff","3","60137"
"Jun 15, 2025 @ 15:37:30.054","vic-agent","Successful Remote Logon Detected - User:\windows - NTLM authentication, possible pass-the-hash attack - Possible RDP connection. Verify that kali is allowed to perform RDP connections","6","92657"
"Jun 15, 2025 @ 15:37:30.029","vic-agent","Special privileges assigned to new logon.","3","67028"
"Jun 15, 2025 @ 15:37:30.013","vic-agent","Special privileges assigned to new logon.","3","67028"
"Jun 15, 2025 @ 15:37:29.998","vic-agent","Logon Failure - Unknown user or bad password","5","60122"
"Jun 15, 2025 @ 15:37:29.963","vic-agent","Windows audit failure event","5","60104"
"Jun 15, 2025 @ 15:37:29.934","vic-agent","Lsass process was accessed by C:\\Windows\\system32\\svchost.exe with read permissions, possible credential dump","12","92900"
"Jun 15, 2025 @ 15:37:29.898","vic-agent","Lsass process was accessed by C:\\Windows\\system32\\svchost.exe with read permissions, possible credential dump","12","92900"
"Jun 15, 2025 @ 15:37:29.268","vic-agent","Windows application error event.","9","60602"
"Jun 15, 2025 @ 15:37:28.877","vic-agent","Logon Failure - Unknown user or bad password","5","60122"
"Jun 15, 2025 @ 15:37:28.853","vic-agent","Windows audit failure event","5","60104"
"Jun 15, 2025 @ 15:37:28.836","vic-agent","Logon Failure - Unknown user or bad password","5","60122"
"Jun 15, 2025 @ 15:37:28.831","vic-agent","Logon Failure - Unknown user or bad password","5","60122"
"Jun 15, 2025 @ 15:37:28.831","vic-agent","Windows audit failure event","5","60104"
"Jun 15, 2025 @ 15:37:28.789","vic-agent","Windows audit failure event","5","60104"
"Jun 15, 2025 @ 15:34:30.603","vic-agent","Windows Logon Success","3","60106"
"Jun 15, 2025 @ 15:33:42.319","vic-agent","Windows Logon Success","3","60106"
"Jun 15, 2025 @ 15:33:12.441","vic-agent","Lsass process was accessed by C:\\Windows\\system32\\svchost.exe with read permissions, possible credential dump","12","92900"
"Jun 15, 2025 @ 15:33:12.437","vic-agent","Lsass process was accessed by C:\\Windows\\system32\\svchost.exe with read permissions, possible credential dump","12","92900"
"Jun 15, 2025 @ 15:33:12.244","vic-agent","Windows User Logoff","3","60137"
"Jun 15, 2025 @ 15:33:12.231","vic-agent","Successful Remote Logon Detected - User:\windows - NTLM authentication, possible pass-the-hash attack - Possible RDP connection. Verify that kali is allowed to perform RDP connections","6","92657"
"Jun 15, 2025 @ 15:33:12.149","vic-agent","Special privileges assigned to new logon.","3","67028"
"Jun 15, 2025 @ 15:33:12.081","vic-agent","Special privileges assigned to new logon.","3","67028"
"Jun 15, 2025 @ 15:33:11.290","vic-agent","Windows application error event.","9","60602"
"Jun 15, 2025 @ 15:32:51.425","vic-agent","Logon Failure - Unknown user or bad password","5","60122"
"Jun 15, 2025 @ 15:32:51.377","vic-agent","Windows audit failure event","5","60104"
"Jun 15, 2025 @ 15:32:50.202","vic-agent","Logon Failure - Unknown user or bad password","5","60122"
"Jun 15, 2025 @ 15:32:50.200","vic-agent","Windows audit failure event","5","60104"
"Jun 15, 2025 @ 15:32:50.158","vic-agent","Windows audit failure event","5","60104"
"Jun 15, 2025 @ 15:32:50.158","vic-agent","Logon Failure - Unknown user or bad password","5","60122"
"Jun 15, 2025 @ 15:32:50.157","vic-agent","Logon Failure - Unknown user or bad password","5","60122"
"Jun 15, 2025 @ 15:32:50.127","vic-agent","Windows audit failure event","5","60104"
"Jun 15, 2025 @ 15:32:50.116","vic-agent","Logon Failure - Unknown user or bad password","5","60122"
"Jun 15, 2025 @ 15:32:50.116","vic-agent","Windows audit failure event","5","60104"
"Jun 15, 2025 @ 15:32:43.273","vic-agent","Powershell process created an executable file in Windows root folder","9","92205"
"Jun 15, 2025 @ 15:32:38.162","vic-agent","Windows Logon Success","3","60106"
"Jun 15, 2025 @ 15:32:36.935","vic-agent","Windows Logon Success","3","60106"
"Jun 15, 2025 @ 15:32:34.774","vic-agent","Wazuh agent started.","3","503"
"Jun 15, 2025 @ 15:32:31.687","vic-agent","Wazuh agent stopped.","3","506"
"Jun 15, 2025 @ 15:31:59.956","vic-agent","Scripting file created under Windows Temp or User folder","6","92200"
"Jun 15, 2025 @ 15:31:59.903","vic-agent","Scripting file created under Windows Temp or User folder","6","92200"
"Jun 15, 2025 @ 15:31:59.793","vic-agent","Scripting file created under Windows Temp or User folder","6","92200"
"Jun 15, 2025 @ 15:31:59.723","vic-agent","Scripting file created under Windows Temp or User folder","6","92200"
"Jun 15, 2025 @ 15:31:59.722","vic-agent","Scripting file created under Windows Temp or User folder","6","92200"
"Jun 15, 2025 @ 15:31:59.658","vic-agent","Scripting file created under Windows Temp or User folder","6","92200"
"Jun 15, 2025 @ 15:31:59.610","vic-agent","Scripting file created under Windows Temp or User folder","6","92200"
"Jun 15, 2025 @ 15:31:59.555","vic-agent","Scripting file created under Windows Temp or User folder","6","92200"
"Jun 15, 2025 @ 15:31:59.506","vic-agent","Scripting file created under Windows Temp or User folder","6","92200"
"Jun 15, 2025 @ 15:31:59.500","vic-agent","Scripting file created under Windows Temp or User folder","6","92200"
"Jun 15, 2025 @ 15:31:59.432","vic-agent","Scripting file created under Windows Temp or User folder","6","92200"
"Jun 15, 2025 @ 15:31:59.355","vic-agent","Scripting file created under Windows Temp or User folder","6","92200"
"Jun 15, 2025 @ 15:31:59.353","vic-agent","Scripting file created under Windows Temp or User folder","6","92200"
"Jun 15, 2025 @ 15:31:59.232","vic-agent","Scripting file created under Windows Temp or User folder","6","92200"
"Jun 15, 2025 @ 15:31:59.034","vic-agent","Scripting file created under Windows Temp or User folder","6","92200"
"Jun 15, 2025 @ 15:31:59.033","vic-agent","Scripting file created under Windows Temp or User folder","6","92200"
"Jun 15, 2025 @ 15:31:58.919","vic-agent","Scripting file created under Windows Temp or User folder","6","92200"
"Jun 15, 2025 @ 15:31:58.905","vic-agent","Scripting file created under Windows Temp or User folder","6","92200"
"Jun 15, 2025 @ 15:31:58.863","vic-agent","Scripting file created under Windows Temp or User folder","6","92200"
"Jun 15, 2025 @ 15:31:58.832","vic-agent","Scripting file created under Windows Temp or User folder","6","92200"
"Jun 15, 2025 @ 15:31:58.775","vic-agent","Scripting file created under Windows Temp or User folder","6","92200"
"Jun 15, 2025 @ 15:31:58.691","vic-agent","Scripting file created under Windows Temp or User folder","6","92200"
"Jun 15, 2025 @ 15:31:58.533","vic-agent","Scripting file created under Windows Temp or User folder","6","92200"
"Jun 15, 2025 @ 15:31:58.467","vic-agent","Scripting file created under Windows Temp or User folder","6","92200"
"Jun 15, 2025 @ 15:31:58.420","vic-agent","Scripting file created under Windows Temp or User folder","6","92200"
"Jun 15, 2025 @ 15:31:58.370","vic-agent","Scripting file created under Windows Temp or User folder","6","92200"
"Jun 15, 2025 @ 15:31:58.368","vic-agent","Scripting file created under Windows Temp or User folder","6","92200"
"Jun 15, 2025 @ 15:31:58.368","vic-agent","Scripting file created under Windows Temp or User folder","6","92200"
"Jun 15, 2025 @ 15:31:58.343","vic-agent","Scripting file created under Windows Temp or User folder","6","92200"
"Jun 15, 2025 @ 15:31:57.615","vic-agent","Scripting file created under Windows Temp or User folder","6","92200"
"Jun 15, 2025 @ 15:31:57.479","vic-agent","Scripting file created under Windows Temp or User folder","6","92200"
"Jun 15, 2025 @ 15:31:57.437","vic-agent","Scripting file created under Windows Temp or User folder","6","92200"
"Jun 15, 2025 @ 15:31:57.395","vic-agent","Scripting file created under Windows Temp or User folder","6","92200"
"Jun 15, 2025 @ 15:31:57.381","vic-agent","Scripting file created under Windows Temp or User folder","6","92200"
"Jun 15, 2025 @ 15:31:57.317","vic-agent","Scripting file created under Windows Temp or User folder","6","92200"
"Jun 15, 2025 @ 15:31:57.315","vic-agent","Scripting file created under Windows Temp or User folder","6","92200"
"Jun 15, 2025 @ 15:31:57.292","vic-agent","Scripting file created under Windows Temp or User folder","6","92200"
"Jun 15, 2025 @ 15:31:57.246","vic-agent","Scripting file created under Windows Temp or User folder","6","92200"
"Jun 15, 2025 @ 15:30:35.776","vic-agent","Windows Logon Success","3","60106"
"Jun 15, 2025 @ 15:30:32.765","vic-agent","Executable file dropped in folder commonly used by malware","15","92213"
"Jun 15, 2025 @ 15:30:32.708","vic-agent","Executable file dropped in folder commonly used by malware","15","92213"
"Jun 15, 2025 @ 15:30:26.555","vic-agent","Powershell executed script from suspicious location","6","92029"
"Jun 15, 2025 @ 15:30:17.227","vic-agent","Software protection service scheduled successfully.","3","60642"
"Jun 15, 2025 @ 15:30:13.375","vic-agent","Windows Logon Success","3","60106"
"Jun 15, 2025 @ 15:30:07.503","vic-agent","Scripting file created under Windows Temp or User folder","6","92200"
"Jun 15, 2025 @ 15:30:07.423","vic-agent","Scripting file created under Windows Temp or User folder","6","92200"
"Jun 15, 2025 @ 15:30:07.418","vic-agent","Scripting file created under Windows Temp or User folder","6","92200"
"Jun 15, 2025 @ 15:30:07.372","vic-agent","Scripting file created under Windows Temp or User folder","6","92200"
"Jun 15, 2025 @ 15:30:07.358","vic-agent","Scripting file created under Windows Temp or User folder","6","92200"
"Jun 15, 2025 @ 15:30:07.328","vic-agent","Scripting file created under Windows Temp or User folder","6","92200"
"Jun 15, 2025 @ 15:30:07.322","vic-agent","Scripting file created under Windows Temp or User folder","6","92200"
"Jun 15, 2025 @ 15:30:07.258","vic-agent","Scripting file created under Windows Temp or User folder","6","92200"
"Jun 15, 2025 @ 15:30:07.240","vic-agent","Scripting file created under Windows Temp or User folder","6","92200"
"Jun 15, 2025 @ 15:30:07.188","vic-agent","Scripting file created under Windows Temp or User folder","6","92200"
"Jun 15, 2025 @ 15:30:07.130","vic-agent","Scripting file created under Windows Temp or User folder","6","92200"
"Jun 15, 2025 @ 15:30:07.075","vic-agent","Scripting file created under Windows Temp or User folder","6","92200"
"Jun 15, 2025 @ 15:30:07.018","vic-agent","Scripting file created under Windows Temp or User folder","6","92200"
"Jun 15, 2025 @ 15:30:07.012","vic-agent","Scripting file created under Windows Temp or User folder","6","92200"
"Jun 15, 2025 @ 15:30:06.930","vic-agent","Scripting file created under Windows Temp or User folder","6","92200"
"Jun 15, 2025 @ 15:30:06.873","vic-agent","Scripting file created under Windows Temp or User folder","6","92200"
"Jun 15, 2025 @ 15:30:06.870","vic-agent","Scripting file created under Windows Temp or User folder","6","92200"
"Jun 15, 2025 @ 15:30:06.839","vic-agent","Scripting file created under Windows Temp or User folder","6","92200"
"Jun 15, 2025 @ 15:30:06.808","vic-agent","Scripting file created under Windows Temp or User folder","6","92200"
"Jun 15, 2025 @ 15:30:06.791","vic-agent","Scripting file created under Windows Temp or User folder","6","92200"
"Jun 15, 2025 @ 15:30:06.759","vic-agent","Scripting file created under Windows Temp or User folder","6","92200"
"Jun 15, 2025 @ 15:30:06.758","vic-agent","Scripting file created under Windows Temp or User folder","6","92200"
"Jun 15, 2025 @ 15:30:06.738","vic-agent","Scripting file created under Windows Temp or User folder","6","92200"
"Jun 15, 2025 @ 15:30:06.733","vic-agent","Scripting file created under Windows Temp or User folder","6","92200"
"Jun 15, 2025 @ 15:30:06.646","vic-agent","Scripting file created under Windows Temp or User folder","6","92200"
"Jun 15, 2025 @ 15:30:06.623","vic-agent","Scripting file created under Windows Temp or User folder","6","92200"
"Jun 15, 2025 @ 15:30:06.580","vic-agent","Scripting file created under Windows Temp or User folder","6","92200"
"Jun 15, 2025 @ 15:30:06.528","vic-agent","Scripting file created under Windows Temp or User folder","6","92200"
"Jun 15, 2025 @ 15:30:06.496","vic-agent","Scripting file created under Windows Temp or User folder","6","92200"
"Jun 15, 2025 @ 15:30:06.493","vic-agent","Scripting file created under Windows Temp or User folder","6","92200"
"Jun 15, 2025 @ 15:30:06.372","vic-agent","Scripting file created under Windows Temp or User folder","6","92200"
"Jun 15, 2025 @ 15:30:06.320","vic-agent","Scripting file created under Windows Temp or User folder","6","92200"
"Jun 15, 2025 @ 15:30:06.233","vic-agent","Scripting file created under Windows Temp or User folder","6","92200"
"Jun 15, 2025 @ 15:30:06.230","vic-agent","Scripting file created under Windows Temp or User folder","6","92200"
"Jun 15, 2025 @ 15:30:06.170","vic-agent","Scripting file created under Windows Temp or User folder","6","92200"
"Jun 15, 2025 @ 15:30:06.143","vic-agent","Scripting file created under Windows Temp or User folder","6","92200"
"Jun 15, 2025 @ 15:30:06.124","vic-agent","Scripting file created under Windows Temp or User folder","6","92200"
"Jun 15, 2025 @ 15:30:06.119","vic-agent","Scripting file created under Windows Temp or User folder","6","92200"
"Jun 15, 2025 @ 15:29:58.288","vic-agent","Lsass process was accessed by C:\\Windows\\system32\\svchost.exe with read permissions, possible credential dump","12","92900"
"Jun 15, 2025 @ 15:29:57.810","vic-agent","Lsass process was accessed by C:\\Windows\\system32\\svchost.exe with read permissions, possible credential dump","12","92900"
"Jun 15, 2025 @ 15:29:51.178","vic-agent","Windows Logon Success","3","60106"
"Jun 15, 2025 @ 15:29:35.343","vic-agent","License activation (slui.exe) failed.","5","60646"
"Jun 15, 2025 @ 15:29:34.572","vic-agent","Windows Logon Success","3","60106"
"Jun 15, 2025 @ 15:29:32.128","vic-agent","Windows Logon Success","3","60106"
"Jun 15, 2025 @ 15:29:30.824","vic-agent","Evidence of new service creation found in registry under HKLM\\System\\CurrentControlSet\\Services\\WpnUserService_2f3d35a\\ImagePath binary is: C:\\Windows\\system32\\svchost.exe -k UnistackSvcGroup","3","92307"
"Jun 15, 2025 @ 15:29:30.728","vic-agent","Evidence of new service creation found in registry under HKLM\\System\\CurrentControlSet\\Services\\UserDataSvc_2f3d35a\\ImagePath binary is: C:\\Windows\\system32\\svchost.exe -k UnistackSvcGroup","3","92307"
"Jun 15, 2025 @ 15:29:30.624","vic-agent","Evidence of new service creation found in registry under HKLM\\System\\CurrentControlSet\\Services\\UnistoreSvc_2f3d35a\\ImagePath binary is: C:\\Windows\\System32\\svchost.exe -k UnistackSvcGroup","3","92307"
"Jun 15, 2025 @ 15:29:30.562","vic-agent","Evidence of new service creation found in registry under HKLM\\System\\CurrentControlSet\\Services\\UdkUserSvc_2f3d35a\\ImagePath binary is: C:\\Windows\\system32\\svchost.exe -k UdkSvcGroup","3","92307"
"Jun 15, 2025 @ 15:29:30.430","vic-agent","Evidence of new service creation found in registry under HKLM\\System\\CurrentControlSet\\Services\\PrintWorkflowUserSvc_2f3d35a\\ImagePath binary is: C:\\Windows\\system32\\svchost.exe -k PrintWorkflow","3","92307"
"Jun 15, 2025 @ 15:29:30.385","vic-agent","Evidence of new service creation found in registry under HKLM\\System\\CurrentControlSet\\Services\\PimIndexMaintenanceSvc_2f3d35a\\ImagePath binary is: C:\\Windows\\system32\\svchost.exe -k UnistackSvcGroup","3","92307"
"Jun 15, 2025 @ 15:29:30.244","vic-agent","Evidence of new service creation found in registry under HKLM\\System\\CurrentControlSet\\Services\\OneSyncSvc_2f3d35a\\ImagePath binary is: C:\\Windows\\system32\\svchost.exe -k UnistackSvcGroup","3","92307"
"Jun 15, 2025 @ 15:29:30.115","vic-agent","Evidence of new service creation found in registry under HKLM\\System\\CurrentControlSet\\Services\\MessagingService_2f3d35a\\ImagePath binary is: C:\\Windows\\system32\\svchost.exe -k UnistackSvcGroup","3","92307"
"Jun 15, 2025 @ 15:29:29.922","vic-agent","Evidence of new service creation found in registry under HKLM\\System\\CurrentControlSet\\Services\\DevicesFlowUserSvc_2f3d35a\\ImagePath binary is: C:\\Windows\\system32\\svchost.exe -k DevicesFlow","3","92307"
"Jun 15, 2025 @ 15:29:29.740","vic-agent","Evidence of new service creation found in registry under HKLM\\System\\CurrentControlSet\\Services\\DevicePickerUserSvc_2f3d35a\\ImagePath binary is: C:\\Windows\\system32\\svchost.exe -k DevicesFlow","3","92307"
"Jun 15, 2025 @ 15:29:29.631","vic-agent","Evidence of new service creation found in registry under HKLM\\System\\CurrentControlSet\\Services\\DeviceAssociationBrokerSvc_2f3d35a\\ImagePath binary is: C:\\Windows\\system32\\svchost.exe -k DevicesFlow -p","3","92307"
"Jun 15, 2025 @ 15:29:29.512","vic-agent","Evidence of new service creation found in registry under HKLM\\System\\CurrentControlSet\\Services\\CredentialEnrollmentManagerUserSvc_2f3d35a\\ImagePath binary is: C:\\Windows\\system32\\CredentialEnrollmentManager.exe","3","92307"
"Jun 15, 2025 @ 15:29:29.462","vic-agent","Evidence of new service creation found in registry under HKLM\\System\\CurrentControlSet\\Services\\ConsentUxUserSvc_2f3d35a\\ImagePath binary is: C:\\Windows\\system32\\svchost.exe -k DevicesFlow","3","92307"
"Jun 15, 2025 @ 15:29:29.384","vic-agent","Evidence of new service creation found in registry under HKLM\\System\\CurrentControlSet\\Services\\CDPUserSvc_2f3d35a\\ImagePath binary is: C:\\Windows\\system32\\svchost.exe -k UnistackSvcGroup","3","92307"
"Jun 15, 2025 @ 15:29:29.288","vic-agent","Evidence of new service creation found in registry under HKLM\\System\\CurrentControlSet\\Services\\cbdhsvc_2f3d35a\\ImagePath binary is: C:\\Windows\\system32\\svchost.exe -k ClipboardSvcGroup -p","3","92307"
"Jun 15, 2025 @ 15:29:29.204","vic-agent","Evidence of new service creation found in registry under HKLM\\System\\CurrentControlSet\\Services\\CaptureService_2f3d35a\\ImagePath binary is: C:\\Windows\\system32\\svchost.exe -k LocalService -p","3","92307"
"Jun 15, 2025 @ 15:29:29.054","vic-agent","Evidence of new service creation found in registry under HKLM\\System\\CurrentControlSet\\Services\\BluetoothUserService_2f3d35a\\ImagePath binary is: C:\\Windows\\system32\\svchost.exe -k BthAppGroup -p","3","92307"
"Jun 15, 2025 @ 15:29:29.032","vic-agent","Evidence of new service creation found in registry under HKLM\\System\\CurrentControlSet\\Services\\BcastDVRUserService_2f3d35a\\ImagePath binary is: C:\\Windows\\system32\\svchost.exe -k BcastDVRUserService","3","92307"
"Jun 15, 2025 @ 15:29:29.016","vic-agent","Evidence of new service creation found in registry under HKLM\\System\\CurrentControlSet\\Services\\AarSvc_2f3d35a\\ImagePath binary is: C:\\Windows\\system32\\svchost.exe -k AarSvcGroup -p","3","92307"
"Jun 15, 2025 @ 15:29:25.470","vic-agent","Special privileges assigned to new logon.","3","67028"
"Jun 15, 2025 @ 15:29:25.398","vic-agent","Windows Workstation Logon Success","3","60118"
"Jun 15, 2025 @ 15:29:25.361","vic-agent","Windows Workstation Logon Success","3","60118"
"Jun 15, 2025 @ 15:29:15.004","vic-agent","Non service account logged off.","3","67023"
"Jun 15, 2025 @ 15:29:15.002","vic-agent","Non service account logged off.","3","67023"
"Jun 15, 2025 @ 15:29:13.670","vic-agent","Windows User Logoff","3","60137"
"Jun 15, 2025 @ 15:29:13.160","vic-agent","Lsass process was accessed by C:\\Windows\\system32\\svchost.exe with read permissions, possible credential dump","12","92900"
"Jun 15, 2025 @ 15:29:12.544","vic-agent","Non service account logged off.","3","67023"
"Jun 15, 2025 @ 15:29:11.854","vic-agent","Lsass process was accessed by C:\\Windows\\system32\\svchost.exe with read permissions, possible credential dump","12","92900"
"Jun 15, 2025 @ 15:29:09.512","vic-agent","Windows User Logoff","3","60137"
"Jun 15, 2025 @ 15:29:09.509","vic-agent","Non service account logged off.","3","67023"
"Jun 15, 2025 @ 15:29:09.503","vic-agent","Non service account logged off.","3","67023"
"Jun 15, 2025 @ 15:29:09.285","vic-agent","WSearch was unavailable to handle a notification event.","5","60775"
"Jun 15, 2025 @ 15:28:59.335","vic-agent","Windows System error event","5","61102"
"Jun 15, 2025 @ 15:28:59.293","vic-agent","Windows System error event","5","61102"
"Jun 15, 2025 @ 15:28:22.389","vic-agent","Non service account logged off.","3","67023"
"Jun 15, 2025 @ 15:28:22.341","vic-agent","Non service account logged off.","3","67023"
"Jun 15, 2025 @ 15:28:22.314","vic-agent","Special privileges assigned to new logon.","3","67028"
"Jun 15, 2025 @ 15:28:18.847","vic-agent","Windows Logon Success","3","60106"
"Jun 15, 2025 @ 15:28:15.910","vic-agent","Special privileges assigned to new logon.","3","67028"
"Jun 15, 2025 @ 15:28:15.618","vic-agent","Windows Logon Success","3","60106"
"Jun 15, 2025 @ 15:28:15.080","vic-agent","Windows Logon Success","3","60106"
"Jun 15, 2025 @ 15:28:14.906","vic-agent","Session reconnected/disconnected to winstation","3","60108"
"Jun 15, 2025 @ 15:28:14.837","vic-agent","Special privileges assigned to new logon.","3","67028"
"Jun 15, 2025 @ 15:28:14.835","vic-agent","Special privileges assigned to new logon.","3","67028"
"Jun 15, 2025 @ 15:28:14.743","vic-agent","Non network or service local logon.","3","67022"
"Jun 15, 2025 @ 15:28:14.584","vic-agent","Non network or service local logon.","3","67022"
"Jun 15, 2025 @ 15:28:14.187","vic-agent","Non network or service local logon.","3","67022"
"Jun 15, 2025 @ 15:28:12.349","vic-agent","Session reconnected/disconnected to winstation","3","60108"
"Jun 15, 2025 @ 15:28:12.295","vic-agent","Successful Remote Logon Detected - User:\windows - NTLM authentication, possible pass-the-hash attack - Possible RDP connection. Verify that DESKTOP-4LL2QQL is allowed to perform RDP connections","6","92657"
"Jun 15, 2025 @ 15:28:12.285","vic-agent","Special privileges assigned to new logon.","3","67028"
"Jun 15, 2025 @ 15:28:12.278","vic-agent","Special privileges assigned to new logon.","3","67028"
"Jun 15, 2025 @ 15:28:10.068","vic-agent","Windows User Logoff","3","60137"
"Jun 15, 2025 @ 15:28:10.004","vic-agent","Successful Remote Logon Detected - User:\windows - NTLM authentication, possible pass-the-hash attack - Possible RDP connection. Verify that DESKTOP-4LL2QQL is allowed to perform RDP connections","6","92657"
"Jun 15, 2025 @ 15:28:09.918","vic-agent","Special privileges assigned to new logon.","3","67028"
"Jun 15, 2025 @ 15:28:09.918","vic-agent","Special privileges assigned to new logon.","3","67028"
"Jun 15, 2025 @ 15:27:57.525","vic-agent","Windows User Logoff","3","60137"
"Jun 15, 2025 @ 15:27:57.459","vic-agent","Successful Remote Logon Detected - User:\windows - NTLM authentication, possible pass-the-hash attack - Possible RDP connection. Verify that kali is allowed to perform RDP connections","6","92657"
"Jun 15, 2025 @ 15:27:57.421","vic-agent","Special privileges assigned to new logon.","3","67028"
"Jun 15, 2025 @ 15:27:57.400","vic-agent","Special privileges assigned to new logon.","3","67028"
"Jun 15, 2025 @ 15:27:57.351","vic-agent","Windows User Logoff","3","60137"
"Jun 15, 2025 @ 15:27:57.314","vic-agent","Logon Failure - Unknown user or bad password","5","60122"
"Jun 15, 2025 @ 15:27:57.286","vic-agent","Windows audit failure event","5","60104"
"Jun 15, 2025 @ 15:27:57.272","vic-agent","Successful Remote Logon Detected - User:\windows - NTLM authentication, possible pass-the-hash attack - Possible RDP connection. Verify that kali is allowed to perform RDP connections","6","92657"
"Jun 15, 2025 @ 15:27:57.268","vic-agent","Special privileges assigned to new logon.","3","67028"
"Jun 15, 2025 @ 15:27:57.243","vic-agent","Special privileges assigned to new logon.","3","67028"
"Jun 15, 2025 @ 15:27:57.196","vic-agent","Lsass process was accessed by C:\\Windows\\system32\\svchost.exe with read permissions, possible credential dump","12","92900"
"Jun 15, 2025 @ 15:27:57.155","vic-agent","Lsass process was accessed by C:\\Windows\\system32\\svchost.exe with read permissions, possible credential dump","12","92900"
"Jun 15, 2025 @ 15:27:56.721","vic-agent","Windows application error event.","9","60602"
"Jun 15, 2025 @ 15:27:55.991","vic-agent","Logon Failure - Unknown user or bad password","5","60122"
"Jun 15, 2025 @ 15:27:55.990","vic-agent","Windows audit failure event","5","60104"
"Jun 15, 2025 @ 15:27:55.948","vic-agent","Logon Failure - Unknown user or bad password","5","60122"
"Jun 15, 2025 @ 15:27:55.903","vic-agent","Windows audit failure event","5","60104"
"Jun 15, 2025 @ 15:27:55.903","vic-agent","Logon Failure - Unknown user or bad password","5","60122"
"Jun 15, 2025 @ 15:27:55.884","vic-agent","Windows audit failure event","5","60104"
"Jun 15, 2025 @ 15:26:48.095","vic-agent","Multiple Windows Logon Failures","10","60204"
"Jun 15, 2025 @ 15:26:48.062","vic-agent","Windows audit failure event","5","60104"
"Jun 15, 2025 @ 15:26:48.033","vic-agent","Logon Failure - Unknown user or bad password","5","60122"
"Jun 15, 2025 @ 15:26:47.998","vic-agent","Windows audit failure event","5","60104"
"Jun 15, 2025 @ 15:26:47.958","vic-agent","Logon Failure - Unknown user or bad password","5","60122"
"Jun 15, 2025 @ 15:26:47.917","vic-agent","Windows audit failure event","5","60104"
"Jun 15, 2025 @ 15:26:46.831","vic-agent","Logon Failure - Unknown user or bad password","5","60122"
"Jun 15, 2025 @ 15:26:46.830","vic-agent","Windows audit failure event","5","60104"
"Jun 15, 2025 @ 15:26:46.830","vic-agent","Logon Failure - Unknown user or bad password","5","60122"
"Jun 15, 2025 @ 15:26:46.776","vic-agent","Windows audit failure event","5","60104"
"Jun 15, 2025 @ 15:26:46.754","vic-agent","Logon Failure - Unknown user or bad password","5","60122"
"Jun 15, 2025 @ 15:26:46.754","vic-agent","Windows audit failure event","5","60104"
"Jun 15, 2025 @ 15:26:46.719","vic-agent","Logon Failure - Unknown user or bad password","5","60122"
"Jun 15, 2025 @ 15:26:46.683","vic-agent","Windows audit failure event","5","60104"
"Jun 15, 2025 @ 15:26:46.683","vic-agent","Logon Failure - Unknown user or bad password","5","60122"
"Jun 15, 2025 @ 15:26:46.663","vic-agent","Windows audit failure event","5","60104"
"Jun 15, 2025 @ 15:25:59.261","vic-agent","Logon Failure - Unknown user or bad password","5","60122"
"Jun 15, 2025 @ 15:25:59.217","vic-agent","Windows audit failure event","5","60104"
"Jun 15, 2025 @ 15:25:48.576","vic-agent","Logon Failure - Unknown user or bad password","5","60122"
"Jun 15, 2025 @ 15:25:48.534","vic-agent","Windows audit failure event","5","60104"
"Jun 15, 2025 @ 15:20:10.222","vic-agent","SCA summary: CIS Microsoft Windows 10 Enterprise Benchmark v1.12.0: Score less than 50% (32)","7","19004"
"Jun 15, 2025 @ 15:19:52.629","vic-agent","CIS Microsoft Windows 10 Enterprise Benchmark v1.12.0: Ensure 'Audit Special Logon' is set to include 'Success'.: Status changed from failed to passed","3","19010"
"Jun 15, 2025 @ 15:19:52.590","vic-agent","CIS Microsoft Windows 10 Enterprise Benchmark v1.12.0: Ensure 'Audit Other Logon/Logoff Events' is set to 'Success and Failure'.: Status changed from failed to passed","3","19010"
"Jun 15, 2025 @ 15:19:52.520","vic-agent","CIS Microsoft Windows 10 Enterprise Benchmark v1.12.0: Ensure 'Audit Logon' is set to 'Success and Failure'.: Status changed from failed to passed","3","19010"
"Jun 15, 2025 @ 15:19:52.434","vic-agent","CIS Microsoft Windows 10 Enterprise Benchmark v1.12.0: Ensure 'Audit Logoff' is set to include 'Success'.: Status changed from failed to passed","3","19010"
"Jun 15, 2025 @ 15:19:52.358","vic-agent","CIS Microsoft Windows 10 Enterprise Benchmark v1.12.0: Ensure 'Audit Group Membership' is set to include 'Success'.: Status changed from failed to passed","3","19010"
"Jun 15, 2025 @ 15:19:52.319","vic-agent","CIS Microsoft Windows 10 Enterprise Benchmark v1.12.0: Ensure 'Audit Account Lockout' is set to include 'Failure'.: Status changed from failed to passed","3","19010"
"Jun 15, 2025 @ 15:19:51.997","vic-agent","CIS Microsoft Windows 10 Enterprise Benchmark v1.12.0: Ensure 'Audit Credential Validation' is set to 'Success and Failure'.: Status changed from failed to passed","3","19010"
"Jun 15, 2025 @ 15:19:08.890","vic-agent","Powershell process created an executable file in Windows root folder","9","92205"
"Jun 15, 2025 @ 15:19:02.518","vic-agent","Logon Failure - Unknown user or bad password","5","60122"
"Jun 15, 2025 @ 15:19:02.516","vic-agent","Windows audit failure event","5","60104"
"Jun 15, 2025 @ 15:19:02.473","vic-agent","Logon Failure - Unknown user or bad password","5","60122"
"Jun 15, 2025 @ 15:19:02.435","vic-agent","Windows audit failure event","5","60104"
"Jun 15, 2025 @ 15:19:02.390","vic-agent","Logon Failure - Unknown user or bad password","5","60122"
"Jun 15, 2025 @ 15:19:02.385","vic-agent","Windows audit failure event","5","60104"
"Jun 15, 2025 @ 15:19:01.282","vic-agent","Logon Failure - Unknown user or bad password","5","60122"
"Jun 15, 2025 @ 15:19:01.250","vic-agent","Windows audit failure event","5","60104"
"Jun 15, 2025 @ 15:19:01.196","vic-agent","Logon Failure - Unknown user or bad password","5","60122"
"Jun 15, 2025 @ 15:19:01.149","vic-agent","Windows audit failure event","5","60104"
"Jun 15, 2025 @ 15:19:01.145","vic-agent","Logon Failure - Unknown user or bad password","5","60122"
"Jun 15, 2025 @ 15:19:01.095","vic-agent","Windows audit failure event","5","60104"
"Jun 15, 2025 @ 15:18:57.224","vic-agent","Windows Logon Success","3","60106"
"Jun 15, 2025 @ 15:18:56.346","vic-agent","Summary event of the report's signatures.","4","60608"
"Jun 15, 2025 @ 15:18:55.768","vic-agent","Windows Logon Success","3","60106"
"Jun 15, 2025 @ 15:18:55.749","vic-agent","Special privileges assigned to new logon.","3","67028"
"Jun 15, 2025 @ 15:18:55.467","vic-agent","Windows Logon Success","3","60106"
"Jun 15, 2025 @ 15:18:52.985","vic-agent","Wazuh agent started.","3","503"
"Jun 15, 2025 @ 15:18:44.832","vic-agent","Wazuh agent stopped.","3","506"
"Jun 15, 2025 @ 15:16:45.599","vic-agent","Windows Logon Success","3","60106"
"Jun 15, 2025 @ 15:10:28.375","vic-agent","Logon Failure - Unknown user or bad password","5","60122"
"Jun 15, 2025 @ 15:10:28.366","vic-agent","Windows audit failure event","5","60104"
"Jun 15, 2025 @ 15:10:27.471","vic-agent","Logon Failure - Unknown user or bad password","5","60122"
"Jun 15, 2025 @ 15:10:27.429","vic-agent","Windows audit failure event","5","60104"
"Jun 15, 2025 @ 15:10:27.411","vic-agent","Logon Failure - Unknown user or bad password","5","60122"
"Jun 15, 2025 @ 15:10:27.395","vic-agent","Windows audit failure event","5","60104"
"Jun 15, 2025 @ 15:10:27.391","vic-agent","Logon Failure - Unknown user or bad password","5","60122"
"Jun 15, 2025 @ 15:10:27.340","vic-agent","Windows audit failure event","5","60104"
"Jun 15, 2025 @ 15:10:27.320","vic-agent","Logon Failure - Unknown user or bad password","5","60122"
"Jun 15, 2025 @ 15:10:27.319","vic-agent","Windows audit failure event","5","60104"
"Jun 15, 2025 @ 15:10:27.293","vic-agent","Logon Failure - Unknown user or bad password","5","60122"
"Jun 15, 2025 @ 15:10:27.267","vic-agent","Windows audit failure event","5","60104"
"Jun 15, 2025 @ 15:10:27.267","vic-agent","Logon Failure - Unknown user or bad password","5","60122"
"Jun 15, 2025 @ 15:10:27.239","vic-agent","Windows audit failure event","5","60104"
"Jun 15, 2025 @ 15:09:57.409","vic-agent","Windows Audit Policy changed","8","60112"
"Jun 15, 2025 @ 15:09:57.374","vic-agent","Windows Audit Policy changed","8","60112"
"Jun 15, 2025 @ 15:09:57.356","vic-agent","Windows Audit Policy changed","8","60112"
"Jun 15, 2025 @ 15:09:57.355","vic-agent","Windows Audit Policy changed","8","60112"
"Jun 15, 2025 @ 15:09:57.341","vic-agent","Windows Audit Policy changed","8","60112"
"Jun 15, 2025 @ 15:09:57.339","vic-agent","Windows Audit Policy changed","8","60112"
"Jun 15, 2025 @ 15:09:57.288","vic-agent","Windows Audit Policy changed","8","60112"
"Jun 15, 2025 @ 15:09:57.269","vic-agent","Windows Audit Policy changed","8","60112"
"Jun 15, 2025 @ 15:09:57.223","vic-agent","Windows Audit Policy changed","8","60112"
"Jun 15, 2025 @ 15:09:57.211","vic-agent","Windows Audit Policy changed","8","60112"
"Jun 15, 2025 @ 15:09:57.210","vic-agent","Windows Audit Policy changed","8","60112"
"Jun 15, 2025 @ 15:09:57.193","vic-agent","Windows Audit Policy changed","8","60112"
"Jun 15, 2025 @ 15:09:47.782","vic-agent","Windows Audit Policy changed","8","60112"
"Jun 15, 2025 @ 15:09:47.747","vic-agent","Windows Audit Policy changed","8","60112"
"Jun 15, 2025 @ 15:09:47.746","vic-agent","Windows Audit Policy changed","8","60112"
"Jun 15, 2025 @ 15:09:47.718","vic-agent","Windows Audit Policy changed","8","60112"
"Jun 15, 2025 @ 15:08:45.388","vic-agent","Summary event of the report's signatures.","4","60608"
"Jun 15, 2025 @ 15:08:43.074","vic-agent","Lsass process was accessed by C:\\Windows\\system32\\svchost.exe with read permissions, possible credential dump","12","92900"
"Jun 15, 2025 @ 15:08:41.786","vic-agent","Lsass process was accessed by C:\\Windows\\system32\\svchost.exe with read permissions, possible credential dump","12","92900"
"Jun 15, 2025 @ 15:08:22.163","vic-agent","Summary event of the report's signatures.","4","60608"
"Jun 15, 2025 @ 15:08:10.097","vic-agent","Windows application error event.","9","60602"
"Jun 15, 2025 @ 15:01:26.402","vic-agent","Powershell process created an executable file in Windows root folder","9","92205"
"Jun 15, 2025 @ 15:01:22.146","vic-agent","Wazuh agent started.","3","503"
"Jun 15, 2025 @ 15:01:20.967","vic-agent","Wazuh agent stopped.","3","506"
"Jun 15, 2025 @ 15:00:55.619","vic-agent","Powershell process created an executable file in Windows root folder","9","92205"
"Jun 15, 2025 @ 15:00:49.344","vic-agent","Wazuh agent started.","3","503"
"Jun 15, 2025 @ 15:00:46.771","vic-agent","Wazuh agent stopped.","3","506"
"Jun 15, 2025 @ 14:56:04.119","vic-agent","Lsass process was accessed by C:\\Windows\\system32\\svchost.exe with read permissions, possible credential dump","12","92900"
"Jun 15, 2025 @ 14:56:04.107","vic-agent","Lsass process was accessed by C:\\Windows\\system32\\svchost.exe with read permissions, possible credential dump","12","92900"
"Jun 15, 2025 @ 14:55:50.906","vic-agent","Powershell process created an executable file in Windows root folder","9","92205"
"Jun 15, 2025 @ 14:55:46.921","vic-agent","Wazuh agent started.","3","503"
"Jun 15, 2025 @ 14:55:45.029","vic-agent","Wazuh agent stopped.","3","506"
"Jun 15, 2025 @ 14:54:10.647","vic-agent","Lsass process was accessed by C:\\Windows\\system32\\svchost.exe with read permissions, possible credential dump","12","92900"
"Jun 15, 2025 @ 14:54:10.601","vic-agent","Lsass process was accessed by C:\\Windows\\system32\\svchost.exe with read permissions, possible credential dump","12","92900"
"Jun 15, 2025 @ 14:54:09.947","vic-agent","Windows application error event.","9","60602"
"Jun 15, 2025 @ 14:54:05.985","vic-agent","Powershell process created an executable file in Windows root folder","9","92205"
"Jun 15, 2025 @ 14:54:00.358","vic-agent","Wazuh agent started.","3","503"
"Jun 15, 2025 @ 14:53:56.840","vic-agent","Wazuh agent stopped.","3","506"
"Jun 15, 2025 @ 14:52:36.707","vic-agent","Software protection service scheduled successfully.","3","60642"
"Jun 15, 2025 @ 14:49:48.365","vic-agent","Powershell process created an executable file in Windows root folder","9","92205"
"Jun 15, 2025 @ 14:49:46.302","vic-agent","Wazuh agent started.","3","503"
"Jun 15, 2025 @ 14:45:06.327","vic-agent","Lsass process was accessed by C:\\Windows\\system32\\svchost.exe with read permissions, possible credential dump","12","92900"
"Jun 15, 2025 @ 14:45:06.272","vic-agent","Lsass process was accessed by C:\\Windows\\system32\\svchost.exe with read permissions, possible credential dump","12","92900"
"Jun 15, 2025 @ 14:45:05.526","vic-agent","Windows application error event.","9","60602"
"Jun 15, 2025 @ 14:44:59.514","vic-agent","Powershell process created an executable file in Windows root folder","9","92205"
"Jun 15, 2025 @ 14:44:55.813","vic-agent","Wazuh agent started.","3","503"
"Jun 15, 2025 @ 14:44:53.175","vic-agent","Wazuh agent stopped.","3","506"
"Jun 15, 2025 @ 14:42:30.629","vic-agent","Lsass process was accessed by C:\\Windows\\system32\\svchost.exe with read permissions, possible credential dump","12","92900"
"Jun 15, 2025 @ 14:42:30.627","vic-agent","Lsass process was accessed by C:\\Windows\\system32\\svchost.exe with read permissions, possible credential dump","12","92900"
"Jun 15, 2025 @ 14:42:14.210","vic-agent","Software protection service scheduled successfully.","3","60642"
"Jun 15, 2025 @ 14:42:12.868","vic-agent","Powershell process created an executable file in Windows root folder","9","92205"
"Jun 15, 2025 @ 14:42:08.191","vic-agent","Wazuh agent started.","3","503"
"Jun 15, 2025 @ 14:14:04.333","vic-agent","Powershell process created an executable file in Windows root folder","9","92205"
"Jun 15, 2025 @ 14:14:03.609","vic-agent","Wazuh agent started.","3","503"
"Jun 15, 2025 @ 14:08:59.619","vic-agent","Lsass process was accessed by C:\\Windows\\system32\\svchost.exe with read permissions, possible credential dump","12","92900"
"Jun 15, 2025 @ 14:08:59.588","vic-agent","Lsass process was accessed by C:\\Windows\\system32\\svchost.exe with read permissions, possible credential dump","12","92900"
"Jun 15, 2025 @ 14:08:59.295","vic-agent","Windows application error event.","9","60602"
"Jun 15, 2025 @ 14:08:18.544","vic-agent","Windows Audit Policy changed","8","60112"
"Jun 15, 2025 @ 14:08:18.527","vic-agent","Windows Audit Policy changed","8","60112"
"Jun 15, 2025 @ 14:08:18.501","vic-agent","Windows Audit Policy changed","8","60112"
"Jun 15, 2025 @ 14:08:18.484","vic-agent","Windows Audit Policy changed","8","60112"
"Jun 15, 2025 @ 14:08:18.469","vic-agent","Windows Audit Policy changed","8","60112"
"Jun 15, 2025 @ 14:08:18.459","vic-agent","Windows Audit Policy changed","8","60112"
"Jun 15, 2025 @ 14:08:18.439","vic-agent","Windows Audit Policy changed","8","60112"
"Jun 15, 2025 @ 14:08:18.437","vic-agent","Windows Audit Policy changed","8","60112"
"Jun 15, 2025 @ 14:08:18.420","vic-agent","Windows Audit Policy changed","8","60112"
"Jun 15, 2025 @ 14:08:18.419","vic-agent","Windows Audit Policy changed","8","60112"
"Jun 15, 2025 @ 14:08:18.419","vic-agent","Windows Audit Policy changed","8","60112"
"Jun 15, 2025 @ 14:08:18.404","vic-agent","Windows Audit Policy changed","8","60112"
"Jun 15, 2025 @ 14:08:18.402","vic-agent","Windows Audit Policy changed","8","60112"
"Jun 15, 2025 @ 14:08:18.402","vic-agent","Windows Audit Policy changed","8","60112"
"Jun 15, 2025 @ 14:08:18.384","vic-agent","Windows Audit Policy changed","8","60112"
"Jun 15, 2025 @ 14:08:18.355","vic-agent","Windows Audit Policy changed","8","60112"
"Jun 15, 2025 @ 14:08:10.980","vic-agent","Scripting file created under Windows Temp or User folder","6","92200"
"Jun 15, 2025 @ 14:07:49.528","vic-agent","Windows Audit Policy changed","8","60112"
"Jun 15, 2025 @ 14:07:49.524","vic-agent","Windows Audit Policy changed","8","60112"
"Jun 15, 2025 @ 14:07:49.522","vic-agent","Windows Audit Policy changed","8","60112"
"Jun 15, 2025 @ 14:07:49.260","vic-agent","Windows Audit Policy changed","8","60112"
"Jun 15, 2025 @ 14:07:30.868","vic-agent","Windows Audit Policy changed","8","60112"
"Jun 15, 2025 @ 14:07:30.868","vic-agent","Windows Audit Policy changed","8","60112"
"Jun 15, 2025 @ 14:07:30.835","vic-agent","Windows Audit Policy changed","8","60112"
"Jun 15, 2025 @ 14:07:30.811","vic-agent","Windows Audit Policy changed","8","60112"
"Jun 15, 2025 @ 14:07:30.777","vic-agent","Windows Audit Policy changed","8","60112"
"Jun 15, 2025 @ 14:07:30.738","vic-agent","Windows Audit Policy changed","8","60112"
"Jun 15, 2025 @ 14:07:30.722","vic-agent","Windows Audit Policy changed","8","60112"
"Jun 15, 2025 @ 14:07:30.718","vic-agent","Windows Audit Policy changed","8","60112"
"Jun 15, 2025 @ 14:07:30.656","vic-agent","Windows Audit Policy changed","8","60112"
"Jun 15, 2025 @ 14:07:30.618","vic-agent","Windows Audit Policy changed","8","60112"
"Jun 15, 2025 @ 14:07:30.617","vic-agent","Windows Audit Policy changed","8","60112"
"Jun 15, 2025 @ 14:07:30.611","vic-agent","Windows Audit Policy changed","8","60112"
"Jun 15, 2025 @ 14:04:37.353","vic-agent","Lsass process was accessed by C:\\Windows\\system32\\svchost.exe with read permissions, possible credential dump","12","92900"
"Jun 15, 2025 @ 14:04:37.317","vic-agent","Lsass process was accessed by C:\\Windows\\system32\\svchost.exe with read permissions, possible credential dump","12","92900"
"Jun 15, 2025 @ 14:04:36.477","vic-agent","Windows application error event.","9","60602"
"Jun 15, 2025 @ 14:03:45.302","vic-agent","Powershell process created an executable file in Windows root folder","9","92205"
"Jun 15, 2025 @ 14:03:41.080","vic-agent","Wazuh agent started.","3","503"
"Jun 15, 2025 @ 14:03:38.434","vic-agent","Wazuh agent stopped.","3","506"
"Jun 15, 2025 @ 13:58:06.054","vic-agent","Lsass process was accessed by C:\\Windows\\system32\\svchost.exe with read permissions, possible credential dump","12","92900"
"Jun 15, 2025 @ 13:58:06.053","vic-agent","Lsass process was accessed by C:\\Windows\\system32\\svchost.exe with read permissions, possible credential dump","12","92900"
"Jun 15, 2025 @ 13:58:04.959","vic-agent","Summary event of the report's signatures.","4","60608"
"Jun 15, 2025 @ 13:57:59.873","vic-agent","Windows application error event.","9","60602"
"Jun 15, 2025 @ 13:49:34.749","vic-agent","Powershell process created an executable file in Windows root folder","9","92205"
"Jun 15, 2025 @ 13:49:26.214","vic-agent","Wazuh agent started.","3","503"
"Jun 15, 2025 @ 13:49:22.701","vic-agent","Wazuh agent stopped.","3","506"
"Jun 15, 2025 @ 13:49:16.217","vic-agent","Scripting file created under Windows Temp or User folder","6","92200"
"Jun 15, 2025 @ 13:49:16.217","vic-agent","Scripting file created under Windows Temp or User folder","6","92200"
"Jun 15, 2025 @ 12:57:55.817","vic-agent","Executable file dropped in folder commonly used by malware","15","92213"
"Jun 15, 2025 @ 12:57:55.791","vic-agent","Executable file dropped in folder commonly used by malware","15","92213"
"Jun 15, 2025 @ 12:57:55.758","vic-agent","Executable file dropped in folder commonly used by malware","15","92213"
"Jun 15, 2025 @ 12:57:55.740","vic-agent","Executable file dropped in folder commonly used by malware","15","92213"
"Jun 15, 2025 @ 12:57:55.705","vic-agent","Executable file dropped in folder commonly used by malware","15","92213"
"Jun 15, 2025 @ 12:57:55.685","vic-agent","Executable file dropped in folder commonly used by malware","15","92213"
"Jun 15, 2025 @ 12:57:55.683","vic-agent","Executable file dropped in folder commonly used by malware","15","92213"
"Jun 15, 2025 @ 12:57:55.122","vic-agent","Executable file dropped in folder commonly used by malware","15","92213"
"Jun 15, 2025 @ 12:57:55.103","vic-agent","Executable file dropped in folder commonly used by malware","15","92213"
"Jun 15, 2025 @ 12:57:55.095","vic-agent","Executable file dropped in folder commonly used by malware","15","92213"
"Jun 15, 2025 @ 12:57:55.046","vic-agent","Executable file dropped in folder commonly used by malware","15","92213"
"Jun 15, 2025 @ 12:57:55.023","vic-agent","Executable file dropped in folder commonly used by malware","15","92213"
"Jun 15, 2025 @ 12:57:55.000","vic-agent","Executable file dropped in folder commonly used by malware","15","92213"
"Jun 15, 2025 @ 12:57:54.974","vic-agent","Executable file dropped in folder commonly used by malware","15","92213"
"Jun 15, 2025 @ 12:57:54.952","vic-agent","Executable file dropped in folder commonly used by malware","15","92213"
"Jun 15, 2025 @ 12:57:54.933","vic-agent","Executable file dropped in folder commonly used by malware","15","92213"
"Jun 15, 2025 @ 12:57:54.916","vic-agent","Executable file dropped in folder commonly used by malware","15","92213"
"Jun 15, 2025 @ 12:57:54.895","vic-agent","Executable file dropped in folder commonly used by malware","15","92213"
"Jun 15, 2025 @ 12:57:54.862","vic-agent","Executable file dropped in folder commonly used by malware","15","92213"
"Jun 15, 2025 @ 12:57:54.847","vic-agent","Executable file dropped in folder commonly used by malware","15","92213"
"Jun 15, 2025 @ 12:57:54.814","vic-agent","Executable file dropped in folder commonly used by malware","15","92213"
"Jun 15, 2025 @ 12:57:54.794","vic-agent","Executable file dropped in folder commonly used by malware","15","92213"
"Jun 15, 2025 @ 12:57:54.776","vic-agent","Executable file dropped in folder commonly used by malware","15","92213"
"Jun 15, 2025 @ 12:57:54.760","vic-agent","Executable file dropped in folder commonly used by malware","15","92213"
"Jun 15, 2025 @ 12:57:54.735","vic-agent","Executable file dropped in folder commonly used by malware","15","92213"
"Jun 15, 2025 @ 12:57:54.718","vic-agent","Executable file dropped in folder commonly used by malware","15","92213"
"Jun 15, 2025 @ 12:57:30.523","vic-agent","The database engine attached a database.","3","60798"
"Jun 15, 2025 @ 12:57:30.223","vic-agent","The database engine has completed recovery steps.","3","60809"
"Jun 15, 2025 @ 12:57:29.898","vic-agent","The database engine is replaying log file C:\Winnt\system32\wins\j50.log.","3","60808"
"Jun 15, 2025 @ 12:57:29.618","vic-agent","The database engine is initiating recovery steps.","3","60807"
"Jun 15, 2025 @ 12:57:29.544","vic-agent","The database engine is starting a new instance.","3","60805"
"Jun 15, 2025 @ 12:52:52.811","vic-agent","Network connection initiated by nc64.exe â€” possible file transfer or reverse shell","12","100061"
"Jun 15, 2025 @ 12:52:52.811","vic-agent","Powershell process created an executable file in Windows root folder","9","92205"
"Jun 15, 2025 @ 12:52:41.808","vic-agent","Evidence of new service creation found in registry under HKLM\\System\\CurrentControlSet\\Services\\MicrosoftEdgeElevationService\\ImagePath binary is: \""C:\\Program Files (x86)\\Microsoft\\Edge\\Application\\137.0.3296.83\\elevation_service.exe\""","3","92307"
"Jun 15, 2025 @ 12:52:37.158","vic-agent","Software protection service scheduled successfully.","3","60642"
"Jun 15, 2025 @ 12:52:28.699","vic-agent","Wazuh agent started.","3","503"
"Jun 15, 2025 @ 12:51:23.067","vic-agent","Summary event of the report's signatures.","4","60608"
"Jun 15, 2025 @ 12:50:39.600","vic-agent","Software protection service scheduled successfully.","3","60642"
"Jun 15, 2025 @ 12:48:29.973","vic-agent","Powershell process created an executable file in Windows root folder","9","92205"
"Jun 15, 2025 @ 12:48:29.942","vic-agent","Powershell process created an executable file in Windows root folder","9","92205"
"Jun 15, 2025 @ 12:46:44.983","vic-agent","Lsass process was accessed by C:\\ProgramData\\Microsoft\\Windows Defender\\platform\\4.18.25040.2-0\\MsMpEng.exe with read permissions, possible credential dump","12","92900"
"Jun 15, 2025 @ 12:46:37.621","vic-agent","Powershell was used to delete files or directories","3","92021"
"Jun 15, 2025 @ 12:46:25.056","vic-agent","Software protection service scheduled successfully.","3","60642"
"Jun 15, 2025 @ 12:46:05.677","vic-agent","Scripting file created under Windows Temp or User folder","6","92200"
"Jun 15, 2025 @ 12:46:05.671","vic-agent","Scripting file created under Windows Temp or User folder","6","92200"
"Jun 15, 2025 @ 12:45:13.397","vic-agent","Executable dropped in Windows root folder","6","92217"
"Jun 15, 2025 @ 12:44:46.564","vic-agent","Software protection service scheduled successfully.","3","60642"
"Jun 15, 2025 @ 12:44:31.045","vic-agent","Scripting file created under Windows Temp or User folder","6","92200"
"Jun 15, 2025 @ 12:44:31.044","vic-agent","Scripting file created under Windows Temp or User folder","6","92200"
"Jun 15, 2025 @ 12:43:24.863","vic-agent","Registry Key Integrity Checksum Changed","5","594"
"Jun 15, 2025 @ 12:43:24.822","vic-agent","Registry Value Integrity Checksum Changed","5","750"
"Jun 15, 2025 @ 12:43:24.798","vic-agent","Registry Key Integrity Checksum Changed","5","594"
"Jun 15, 2025 @ 12:43:24.750","vic-agent","Registry Value Integrity Checksum Changed","5","750"
"Jun 15, 2025 @ 12:43:24.722","vic-agent","Registry Value Integrity Checksum Changed","5","750"
"Jun 15, 2025 @ 12:43:24.722","vic-agent","Registry Value Integrity Checksum Changed","5","750"
"Jun 15, 2025 @ 12:43:24.694","vic-agent","Registry Key Integrity Checksum Changed","5","594"
"Jun 15, 2025 @ 12:43:24.679","vic-agent","Registry Value Integrity Checksum Changed","5","750"
"Jun 15, 2025 @ 12:43:24.659","vic-agent","Registry Value Integrity Checksum Changed","5","750"
"Jun 15, 2025 @ 12:43:24.644","vic-agent","Registry Key Integrity Checksum Changed","5","594"
"Jun 15, 2025 @ 12:43:24.644","vic-agent","Registry Key Integrity Checksum Changed","5","594"
"Jun 15, 2025 @ 12:43:24.618","vic-agent","Registry Value Integrity Checksum Changed","5","750"
"Jun 15, 2025 @ 12:43:24.601","vic-agent","Registry Key Integrity Checksum Changed","5","594"
"Jun 15, 2025 @ 12:43:24.578","vic-agent","Registry Value Integrity Checksum Changed","5","750"
"Jun 15, 2025 @ 12:43:24.577","vic-agent","Registry Key Integrity Checksum Changed","5","594"
"Jun 15, 2025 @ 12:43:23.410","vic-agent","Registry Value Integrity Checksum Changed","5","750"
"Jun 15, 2025 @ 12:43:23.347","vic-agent","Registry Value Integrity Checksum Changed","5","750"
"Jun 15, 2025 @ 12:43:23.345","vic-agent","Registry Key Integrity Checksum Changed","5","594"
"Jun 15, 2025 @ 12:43:13.446","vic-agent","Registry Value Integrity Checksum Changed","5","750"
"Jun 15, 2025 @ 12:43:13.432","vic-agent","Registry Value Integrity Checksum Changed","5","750"
"Jun 15, 2025 @ 12:43:13.432","vic-agent","Registry Key Integrity Checksum Changed","5","594"
"Jun 15, 2025 @ 12:43:12.936","vic-agent","Powershell process created an executable file in Windows root folder","9","92205"
"Jun 15, 2025 @ 12:43:11.873","vic-agent","Registry Value Integrity Checksum Changed","5","750"
"Jun 15, 2025 @ 12:43:11.870","vic-agent","Registry Value Integrity Checksum Changed","5","750"
"Jun 15, 2025 @ 12:43:11.854","vic-agent","Registry Value Integrity Checksum Changed","5","750"
"Jun 15, 2025 @ 12:43:11.835","vic-agent","Registry Value Integrity Checksum Changed","5","750"
"Jun 15, 2025 @ 12:43:11.819","vic-agent","Registry Value Integrity Checksum Changed","5","750"
"Jun 15, 2025 @ 12:43:11.817","vic-agent","Registry Value Integrity Checksum Changed","5","750"
"Jun 15, 2025 @ 12:43:11.800","vic-agent","Registry Value Integrity Checksum Changed","5","750"
"Jun 15, 2025 @ 12:43:11.788","vic-agent","Registry Value Integrity Checksum Changed","5","750"
"Jun 15, 2025 @ 12:43:11.772","vic-agent","Registry Value Integrity Checksum Changed","5","750"
"Jun 15, 2025 @ 12:43:11.769","vic-agent","Registry Value Integrity Checksum Changed","5","750"
"Jun 15, 2025 @ 12:43:11.768","vic-agent","Registry Key Integrity Checksum Changed","5","594"
"Jun 15, 2025 @ 12:43:11.766","vic-agent","Registry Value Integrity Checksum Changed","5","750"
"Jun 15, 2025 @ 12:43:11.761","vic-agent","Registry Key Integrity Checksum Changed","5","594"
"Jun 15, 2025 @ 12:42:45.654","vic-agent","System time changed","5","60132"
"Jun 15, 2025 @ 12:42:45.607","vic-agent","System time changed","5","60132"
"Jun 15, 2025 @ 12:42:45.592","vic-agent","System time changed","5","60132"
"Jun 15, 2025 @ 12:42:45.337","vic-agent","Service startup type was changed","3","61104"
"Jun 15, 2025 @ 12:42:43.325","vic-agent","System time changed","5","60132"
"Jun 15, 2025 @ 12:42:43.287","vic-agent","Service startup type was changed","3","61104"
"Jun 15, 2025 @ 12:24:18.335","vic-agent","Possible adversary activity - LSASS memory dump file creation by C:\\users\\windows\\Downloads\\procdump\\procdump64.exe.","10","100011"
"Jun 15, 2025 @ 12:23:43.646","vic-agent","Powershell process created an executable file in Windows root folder","9","92205"
"Jun 15, 2025 @ 12:23:39.491","vic-agent","Wazuh agent started.","3","503"
"Jun 15, 2025 @ 12:06:14.579","vic-agent","Summary event of the report's signatures.","4","60608"
"Jun 15, 2025 @ 11:54:25.769","vic-agent","Possible adversary activity - LSASS memory dump file creation by C:\\users\\windows\\Downloads\\procdump\\procdump64.exe.","10","100011"
"Jun 15, 2025 @ 11:54:25.690","vic-agent","Powershell process created an executable file in Windows root folder","9","92205"
"Jun 15, 2025 @ 11:54:18.249","vic-agent","Wazuh agent started.","3","503"
"Jun 15, 2025 @ 11:54:15.343","vic-agent","Wazuh agent stopped.","3","506"
"Jun 15, 2025 @ 11:40:41.248","vic-agent","Service startup type was changed","3","61104"
"Jun 15, 2025 @ 11:39:04.489","vic-agent","Executable file created by powershell: C:\\Users\\windows\\Downloads\\procdump\\procdump64a.exe","6","92203"
"Jun 15, 2025 @ 11:39:04.484","vic-agent","Executable file created by powershell: C:\\Users\\windows\\Downloads\\procdump\\procdump64.exe","6","92203"
"Jun 15, 2025 @ 11:39:03.266","vic-agent","Executable file created by powershell: C:\\Users\\windows\\Downloads\\procdump\\procdump.exe","6","92203"
"Jun 15, 2025 @ 11:38:47.664","vic-agent","Suspicious file compression activity by powershell: C:\\Users\\windows\\Downloads\\procdump.zip","14","92212"
"Jun 15, 2025 @ 11:38:35.675","vic-agent","Service startup type was changed","3","61104"
"Jun 15, 2025 @ 11:38:30.443","vic-agent","Powershell process created an executable file in Windows root folder","9","92205"
"Jun 15, 2025 @ 11:38:24.182","vic-agent","Wazuh agent started.","3","503"
"Jun 15, 2025 @ 11:38:22.018","vic-agent","Wazuh agent stopped.","3","506"
"Jun 15, 2025 @ 11:07:07.216","vic-agent","Powershell process created an executable file in Windows root folder","9","92205"
"Jun 15, 2025 @ 11:07:01.765","vic-agent","Wazuh agent started.","3","503"
"Jun 15, 2025 @ 11:06:59.032","vic-agent","Wazuh agent stopped.","3","506"
"Jun 15, 2025 @ 10:54:10.781","vic-agent","Summary event of the report's signatures.","4","60608"
"Jun 15, 2025 @ 10:54:04.910","vic-agent","Windows application error event.","9","60602"
"Jun 15, 2025 @ 10:50:01.757","vic-agent","Powershell process created an executable file in Windows root folder","9","92205"
"Jun 15, 2025 @ 10:49:53.645","vic-agent","Wazuh agent started.","3","503"
"Jun 15, 2025 @ 10:49:46.558","vic-agent","Wazuh agent stopped.","3","506"
"Jun 15, 2025 @ 10:37:45.854","vic-agent","Software protection service scheduled successfully.","3","60642"
"Jun 15, 2025 @ 10:20:29.803","vic-agent","Service startup type was changed","3","61104"
"Jun 15, 2025 @ 10:18:13.001","vic-agent","Service startup type was changed","3","61104"
"Jun 15, 2025 @ 10:16:50.784","vic-agent","Executable file dropped in folder commonly used by malware","15","92213"
"Jun 15, 2025 @ 09:59:09.142","vic-agent","Powershell process created an executable file in Windows root folder","9","92205"
"Jun 15, 2025 @ 09:59:03.145","vic-agent","Wazuh agent started.","3","503"
"Jun 14, 2025 @ 19:36:38.745","vic-agent","Software protection service scheduled successfully.","3","60642"
"Jun 14, 2025 @ 19:27:07.524","vic-agent","Executable file dropped in folder commonly used by malware","15","92213"
"Jun 14, 2025 @ 19:19:37.182","vic-agent","System time changed","5","60132"
"Jun 14, 2025 @ 19:19:37.140","vic-agent","System time changed","5","60132"
"Jun 14, 2025 @ 19:19:36.587","vic-agent","Service startup type was changed","3","61104"
"Jun 14, 2025 @ 19:19:35.290","vic-agent","Service startup type was changed","3","61104"
"Jun 14, 2025 @ 19:09:57.717","vic-agent","Executable file dropped in folder commonly used by malware","15","92213"
"Jun 14, 2025 @ 18:56:55.424","vic-agent","Executable file dropped in folder commonly used by malware","15","92213"
"Jun 14, 2025 @ 18:56:27.958","vic-agent","Powershell process created an executable file in Windows root folder","9","92205"
"Jun 14, 2025 @ 18:56:23.124","vic-agent","Wazuh agent started.","3","503"
"Jun 14, 2025 @ 18:56:20.215","vic-agent","Wazuh agent stopped.","3","506"
"Jun 14, 2025 @ 18:51:47.091","vic-agent","Connected User Experiences and Telemetry terminated unexpectedly","5","61107"
"Jun 14, 2025 @ 18:51:46.992","vic-agent","Windows System error event","5","61102"
"Jun 14, 2025 @ 18:51:45.856","vic-agent","Summary event of the report's signatures.","4","60608"
"Jun 14, 2025 @ 18:51:45.837","vic-agent","Windows application error event.","9","60602"
"Jun 14, 2025 @ 18:33:17.203","vic-agent","Service startup type was changed","3","61104"
"Jun 14, 2025 @ 18:29:25.792","vic-agent","Service startup type was changed","3","61104"
"Jun 14, 2025 @ 18:24:54.868","vic-agent","Powershell process created an executable file in Windows root folder","9","92205"
"Jun 14, 2025 @ 18:24:50.685","vic-agent","Wazuh agent started.","3","503"
"Jun 14, 2025 @ 18:24:47.799","vic-agent","Wazuh agent stopped.","3","506"
"Jun 14, 2025 @ 18:24:27.410","vic-agent","Software protection service scheduled successfully.","3","60642"
"Jun 14, 2025 @ 18:21:25.939","vic-agent","Name resolution for the name t-ring-fdv2.msedge.net timed out","5","61109"
"Jun 14, 2025 @ 18:16:10.677","vic-agent","Powershell process created an executable file in Windows root folder","9","92205"
"Jun 14, 2025 @ 18:16:05.287","vic-agent","Wazuh agent started.","3","503"
"Jun 14, 2025 @ 18:16:00.961","vic-agent","Wazuh agent stopped.","3","506"
"Jun 14, 2025 @ 18:01:23.297","vic-agent","Software protection service scheduled successfully.","3","60642"
"Jun 14, 2025 @ 17:56:35.929","vic-agent","Custom Alert: Registry persistence technique detected (Run key modified)","12","100201"
"Jun 14, 2025 @ 17:56:35.883","vic-agent","Value added to registry key has Base64-like pattern","10","92041"
"Jun 14, 2025 @ 17:53:56.233","vic-agent","Registry entry to be executed on next logon was modified using command line application reg.exe","6","92302"
"Jun 14, 2025 @ 17:53:56.170","vic-agent","Value added to registry key has Base64-like pattern","10","92041"
"Jun 14, 2025 @ 17:53:55.093","vic-agent","Powershell process created an executable file in Windows root folder","9","92205"
"Jun 14, 2025 @ 17:53:50.520","vic-agent","Wazuh agent started.","3","503"
"Jun 14, 2025 @ 17:53:47.846","vic-agent","Wazuh agent stopped.","3","506"
"Jun 14, 2025 @ 17:49:21.341","vic-agent","Registry entry to be executed on next logon was modified using command line application reg.exe","6","92302"
"Jun 14, 2025 @ 17:49:21.299","vic-agent","Value added to registry key has Base64-like pattern","10","92041"
"Jun 14, 2025 @ 17:49:15.866","vic-agent","Powershell process created an executable file in Windows root folder","9","92205"
"Jun 14, 2025 @ 17:49:11.559","vic-agent","Wazuh agent started.","3","503"
"Jun 14, 2025 @ 17:49:08.776","vic-agent","Wazuh agent stopped.","3","506"
"Jun 14, 2025 @ 17:47:41.955","vic-agent","C:\\Windows\\System32\\WindowsPowerShell\\v1.0\\powershell.exe created a new scripting file under Windows Temp or User data folder","9","92201"
"Jun 14, 2025 @ 17:46:50.328","vic-agent","Powershell process created an executable file in Windows root folder","9","92205"
"Jun 14, 2025 @ 17:35:41.994","vic-agent","Windows Audit Policy changed","8","60112"
"Jun 14, 2025 @ 17:27:06.504","vic-agent","Powershell process created an executable file in Windows root folder","9","92205"
"Jun 14, 2025 @ 17:26:52.641","vic-agent","Wazuh agent started.","3","503"
"Jun 14, 2025 @ 17:26:13.741","vic-agent","Windows System error event","5","61102"
"Jun 14, 2025 @ 17:23:47.607","vic-agent",,"4","11"
"Jun 14, 2025 @ 17:19:42.000","vic-agent","Powershell process created an executable file in Windows root folder","9","92205"
"Jun 14, 2025 @ 17:19:31.203","vic-agent","Wazuh agent started.","3","503"
"Jun 14, 2025 @ 17:19:24.377","vic-agent","Wazuh agent stopped.","3","506"
"Jun 14, 2025 @ 17:18:59.745","vic-agent","Windows System error event","5","61102"
"Jun 14, 2025 @ 17:16:30.130","vic-agent","Powershell process created an executable file in Windows root folder","9","92205"
"Jun 14, 2025 @ 17:16:20.100","vic-agent","Wazuh agent started.","3","503"
"Jun 14, 2025 @ 17:14:35.622","vic-agent","Windows System error event","5","61102"
"Jun 14, 2025 @ 17:10:08.351","vic-agent","Powershell process created an executable file in Windows root folder","9","92205"
"Jun 14, 2025 @ 17:10:01.131","vic-agent","Wazuh agent started.","3","503"
"Jun 14, 2025 @ 17:04:19.891","vic-agent",,"4","11"
"Jun 14, 2025 @ 17:00:34.088","vic-agent","SCA summary: CIS Microsoft Windows 10 Enterprise Benchmark v1.12.0: Score less than 50% (30)","7","19004"
"Jun 14, 2025 @ 17:00:13.640","vic-agent","CIS Microsoft Windows 10 Enterprise Benchmark v1.12.0: Ensure 'Network access: Allow anonymous SID/Name translation' is set to 'Disabled'.","3","19008"
"Jun 14, 2025 @ 16:59:44.539","vic-agent","Powershell process created an executable file in Windows root folder","9","92205"
"Jun 14, 2025 @ 16:59:33.077","vic-agent","Wazuh agent started.","3","503"
"Jun 14, 2025 @ 16:06:24.083","vic-agent","Wazuh agent disconnected.","3","504"
"Jun 14, 2025 @ 15:50:44.727","vic-agent","CIS Microsoft Windows 10 Enterprise Benchmark v1.12.0: Ensure 'Network access: Allow anonymous SID/Name translation' is set to 'Disabled'.","3","19009"
"Jun 14, 2025 @ 15:48:00.453","vic-agent","SCA summary: CIS Microsoft Windows 10 Enterprise Benchmark v1.12.0: Score less than 50% (30)","7","19004"
"Jun 14, 2025 @ 15:47:42.223","vic-agent","CIS Microsoft Windows 10 Enterprise Benchmark v1.12.0: Ensure 'Network access: Allow anonymous SID/Name translation' is set to 'Disabled'.: Status changed from passed to 'not applicable'","5","19012"
"Jun 14, 2025 @ 15:46:56.453","vic-agent","Fileless Attack - PowerShell dropped executable in Windows root folder","12","100300"
"Jun 14, 2025 @ 15:46:47.542","vic-agent","Fileless Attack - Executable dropped in suspicious location by script","12","100301"
"Jun 14, 2025 @ 15:46:44.734","vic-agent","Wazuh agent started.","3","503"
"Jun 14, 2025 @ 15:46:36.143","vic-agent","Wazuh agent stopped.","3","506"